depth,smac_seed,trial,config_id,configuration_fingerprint,full_training_par10,smac_incumbent_subset_cost
5,0,1,1,c1c4cb2ae8f315c68eeec3d3da41d25852a39909ea045904f8f68d6b088854d0,81.32939699554443,78.92112731933594
5,0,16,6,1c5f266ef831c03278bb5ccf9e0cd683650810ed846479ecab86c5892ae777f0,80.4868258228302,83.64031982421875
5,0,30,9,0312598235dc91749c3e441993b8f9a26014d9bd30aa17e6165bfb1c30e4712c,34.86720773601532,36.34229723612467
5,0,65,18,43f275c2b4a3871405b500a5d438966244c585f3a7f183300a72f04a90c3f850,32.46351486587525,32.47583346896701
5,0,122,24,a31df7e67d23d60ba85170ae3258cd294fce85e39d7f2f75338e116212e5c959,32.41447392463684,32.03313994407654
5,0,148,25,be8b45274cc91df6906bacc508d79b4a0332fbbb868511b3c4b9d6053d4af251,31.554338722229005,31.533604736328126
5,0,196,32,12d8727e7a887007f47270b578f0cc091eb30c68f4bb9333d4121b0aa3a80f7b,31.448294312000275,30.904905438423157
5,0,247,38,e656417c85f1987fd72afba0b1cef9c47d583a9fb3bd8686d0c527ec1e0ce86f,30.006781853675843,29.503333794443233
5,0,296,42,b49c049eec123674f8117f38331c19861ea8901892295f6a02feeae6f9ad4410,24.570035060405733,24.00295166742234
5,0,352,47,eddea7929bdf4d53dc3f4458efdb8679d7c86747ecf7b1a57c390242f0c72941,12.549500564455986,12.696582885498696
5,0,411,51,4e17cb0c867b07e7d60e1b4ed39466ff362189fe37cb89944211ce6cc0ab72c4,4.991123805165291,4.592779019299676
5,0,488,60,a68502b0f6bde1ef591d063dc5f1984d913ba4a4f4706ec37cf883e06d0dd160,2.5499680797457693,2.469025351603826
5,0,1398,60,a68502b0f6bde1ef591d063dc5f1984d913ba4a4f4706ec37cf883e06d0dd160,2.5499680797457693,2.469025351603826
5,1,1,1,c1c4cb2ae8f315c68eeec3d3da41d25852a39909ea045904f8f68d6b088854d0,81.32939699554443,61.596092224121094
5,1,7,3,773dadf0307bd296ae64868118ad8113a39c804c06da6c126d4fb0cfea3184b1,70.95502985954285,61.2343495686849
5,1,21,7,33f483050fb6a0f80de1ffd1f3384aafbbb1b79bcf54867645e0eae4e49e6d12,74.02390954208374,61.754434313092915
5,1,48,12,6d8374f07c6c10ad63e64a6545561e220ac882f6611dccc5f08fcdc0151da6fd,68.49395823860168,63.36921087900797
5,1,62,13,fa373cb97fff934e53e76adcec2f6e10ddf19faf7a323775059dcced0c9adc28,32.162721955299375,27.29713146503155
5,1,92,19,7d655bdd74e6704624918a6990cb80e6a58cb057686e2d4a5520093115d7f51e,23.58453604698181,11.286617341794466
5,1,158,35,da0eab9991135eba3af712e39255438da69830bd51b2e5532b7313a077d36d7f,22.231870222091676,8.894093145642962
5,1,213,42,b46b8a7238598c25709ee46fee0291c2766c99ed0b34a670ae8bf8cb4186f24b,16.27495191025734,4.316896069617498
5,1,261,44,eade25426d95440fbb629a48405aa2b56effe4da5248094b21d5d8754bbfb8b0,11.556828073501586,2.4281325177712874
5,1,586,138,d2275a15a98ee4e8bed60868b7b2609978c5a2158fb1e6d8c7421d80658b8860,2.3440369518995285,1.7298212422840837
5,1,1398,138,d2275a15a98ee4e8bed60868b7b2609978c5a2158fb1e6d8c7421d80658b8860,2.3440369518995285,1.7298212422840837
5,2,1,1,c1c4cb2ae8f315c68eeec3d3da41d25852a39909ea045904f8f68d6b088854d0,81.32939699554443,76.72955322265625
5,2,4,2,fa5dbb08a034ea704ba9494fa4ae5977e92f9815a17b062f65eb864079772a3e,68.47774575614929,62.45076370239258
5,2,14,5,3990565ff977c4e5e5523be5595e6e542c13188fedf8d5877a5d4fed5eba8d3b,65.37637063598633,62.72521209716797
5,2,42,13,c13bd3bfdce5435a81cc19a575bf2324065dbd29ff8bcb5686a9677226ef1a14,33.940831168174746,34.560664690457855
5,2,96,27,cfbb427e57add5f907cdfd3e507f163ac70b82be9fc99a0f3c8584c9d0949e2f,31.51186762714386,32.80564414130317
5,2,125,28,af180ac608f83c343f95757edab56455a6dce140a556b8264095cf1c5b307624,29.09932942390442,29.987342630113876
5,2,155,29,b7a8cc02d7ef5e31ab357506ddbc20f64a22c09051c6d58e9a7641651eb4656d,27.430313289642335,27.647495927481817
5,2,247,40,fdc5f6bfbc1bf68eac22d363f77b2d8b1ba262a4c42f12585a928aaa0636db1c,23.045383544921876,24.217754459381105
5,2,322,52,7a3a86465998eb4b9e4fa219181d5c36afae4416a67a39583b8169f8770fa739,6.3083821246623994,6.940133466170384
5,2,700,161,678a346be876708f3aba76f25f9c61169194c37560b8e41758de0ce60a00b669,3.8566966717243196,4.05458226559325
5,2,902,175,33ca5160f8597f81e1eea9eb6108018f71982eec90b4d12942069e5d3e4ec0b4,3.355856741070747,3.445910553250994
5,2,1208,219,acb11d94e3811e24da5b36d0c94fc92da75db59b0ac1903cda0782778f568c78,3.0930692573785783,3.1135395052226165
5,2,1398,219,acb11d94e3811e24da5b36d0c94fc92da75db59b0ac1903cda0782778f568c78,3.0930692573785783,3.1135395052226165
10,0,1,1,c1c4cb2ae8f315c68eeec3d3da41d25852a39909ea045904f8f68d6b088854d0,81.32939699554443,78.92112731933594
10,0,16,6,1c5f266ef831c03278bb5ccf9e0cd683650810ed846479ecab86c5892ae777f0,80.4868258228302,83.64031982421875
10,0,30,9,0312598235dc91749c3e441993b8f9a26014d9bd30aa17e6165bfb1c30e4712c,34.86720773601532,36.34229723612467
10,0,65,18,43f275c2b4a3871405b500a5d438966244c585f3a7f183300a72f04a90c3f850,32.46351486587525,32.47583346896701
10,0,122,24,a31df7e67d23d60ba85170ae3258cd294fce85e39d7f2f75338e116212e5c959,32.41447392463684,32.03313994407654
10,0,148,25,be8b45274cc91df6906bacc508d79b4a0332fbbb868511b3c4b9d6053d4af251,31.554338722229005,31.533604736328126
10,0,196,32,12d8727e7a887007f47270b578f0cc091eb30c68f4bb9333d4121b0aa3a80f7b,31.448294312000275,30.904905438423157
10,0,238,35,287f78b98962c4ddbe45a6e6792bd9a643b106db246bc204d61388f564078c98,27.246634364128113,26.521107973371233
10,0,315,47,0d56db79c59cde5dccec7d2c51311947f37a5346abe8a3cce8606cdeb6cd1c4b,27.18057652282715,25.99048744363988
10,0,367,49,199ee0d078ea87e2d7907ee5e577af2a6c99dcb7a3dbe59835b9f3369b9edf60,25.054323812484743,23.967847571081045
10,0,418,50,348a56b2cc7a6d36dd388a81365897bf618aff55b84b2e80aa3e5ebaa6808a9e,21.6341023209095,21.571758022308348
10,0,479,53,4e17cb0c867b07e7d60e1b4ed39466ff362189fe37cb89944211ce6cc0ab72c4,4.991123805165291,4.483105870912659
10,0,778,135,52788d91a5205fc8159ebee120b2530fabb1db6abb96a4ac7eac816321b2c9ad,3.0010617208480834,2.8604285452100964
10,0,1356,283,5d02be209465daf1a2aad61705a21d2628ba3591090f66017e74f07994dc76de,2.8077033894062042,2.7302445796690225
10,0,1398,283,5d02be209465daf1a2aad61705a21d2628ba3591090f66017e74f07994dc76de,2.8077033894062042,2.7302445796690225
10,1,1,1,c1c4cb2ae8f315c68eeec3d3da41d25852a39909ea045904f8f68d6b088854d0,81.32939699554443,61.596092224121094
10,1,7,3,773dadf0307bd296ae64868118ad8113a39c804c06da6c126d4fb0cfea3184b1,70.95502985954285,61.2343495686849
10,1,21,7,33f483050fb6a0f80de1ffd1f3384aafbbb1b79bcf54867645e0eae4e49e6d12,74.02390954208374,61.754434313092915
10,1,52,12,fa373cb97fff934e53e76adcec2f6e10ddf19faf7a323775059dcced0c9adc28,32.162721955299375,27.045512040456135
10,1,81,18,60f7f3118e24e66010599d7f9be43d18c770d8c44c3f4a1b0c481524703e8085,27.581894676208496,16.540154218673706
10,1,104,20,6552c39e9513e608ee49511d0fe2c636ca9cd6fb470784019ac0f733ef2c5c2f,26.258189457893373,15.238729023933411
10,1,126,21,7d655bdd74e6704624918a6990cb80e6a58cb057686e2d4a5520093115d7f51e,23.58453604698181,12.336764937355404
10,1,189,33,68a44f7d5b051ea92deef4793d6af42e5f90627affe43eca0ca78598e27f0550,12.799294954299926,3.0292397665254995
10,1,419,99,8be9da2bdb8c8afac5aff452cedd980f10791848a95c66a7ce888b453f879ba8,2.9196380730867384,2.0237100003945705
10,1,618,132,b9986bb47507fc6905e963c5db6d8eda2896234580884ab044b583f098edd657,2.410961890876293,1.832589260556481
10,1,770,139,6e82db8de0ff4c6646b369c8dbd41dbed2875593a84371fee8cc5dd1c8ebaad9,2.2503603451251983,1.7789214480695108
10,1,1398,139,6e82db8de0ff4c6646b369c8dbd41dbed2875593a84371fee8cc5dd1c8ebaad9,2.2503603451251983,1.7789214480695108
10,2,1,1,c1c4cb2ae8f315c68eeec3d3da41d25852a39909ea045904f8f68d6b088854d0,81.32939699554443,76.72955322265625
10,2,4,2,fa5dbb08a034ea704ba9494fa4ae5977e92f9815a17b062f65eb864079772a3e,68.47774575614929,62.45076370239258
10,2,14,5,3990565ff977c4e5e5523be5595e6e542c13188fedf8d5877a5d4fed5eba8d3b,65.37637063598633,62.72521209716797
10,2,42,13,c13bd3bfdce5435a81cc19a575bf2324065dbd29ff8bcb5686a9677226ef1a14,33.940831168174746,34.560664690457855
10,2,93,26,cfbb427e57add5f907cdfd3e507f163ac70b82be9fc99a0f3c8584c9d0949e2f,31.51186762714386,32.52235045799842
10,2,121,27,b5ad1ccae0c0bc489727ab55eb9e543c34f118ec5c4f642542e5e691064a727a,30.648460569381715,31.164088708383066
10,2,177,34,23ca3286b612031108425175dbce19c227a65f61395297b5ece6312cfc6e095e,28.290118360757827,28.594079466427075
10,2,213,35,fdc5f6bfbc1bf68eac22d363f77b2d8b1ba262a4c42f12585a928aaa0636db1c,23.045383544921876,23.753179386683872
10,2,256,38,23d77b5f5acbaf8e9a5a3dfcc410bdedfe3e1311b99600fe2d238149e68fb9f4,15.747774281978607,16.859808620653656
10,2,470,97,6300eb28441f5147fc965a00a1f5998cd5c591accad89f9ea13ca2d76e4f907f,8.803455744862557,9.450857403352089
10,2,692,139,010cbc9900093fd5a0656ad294ed85ff9bd1920004c7f8422f36b542dc888750,4.301273172616958,4.807742273207191
10,2,1070,219,acb11d94e3811e24da5b36d0c94fc92da75db59b0ac1903cda0782778f568c78,3.0930692573785783,3.161576082717338
10,2,1398,219,acb11d94e3811e24da5b36d0c94fc92da75db59b0ac1903cda0782778f568c78,3.0930692573785783,3.161576082717338
15,0,1,1,c1c4cb2ae8f315c68eeec3d3da41d25852a39909ea045904f8f68d6b088854d0,81.32939699554443,78.92112731933594
15,0,16,6,1c5f266ef831c03278bb5ccf9e0cd683650810ed846479ecab86c5892ae777f0,80.4868258228302,83.64031982421875
15,0,30,9,0312598235dc91749c3e441993b8f9a26014d9bd30aa17e6165bfb1c30e4712c,34.86720773601532,36.34229723612467
15,0,65,18,43f275c2b4a3871405b500a5d438966244c585f3a7f183300a72f04a90c3f850,32.46351486587525,32.47583346896701
15,0,122,24,a31df7e67d23d60ba85170ae3258cd294fce85e39d7f2f75338e116212e5c959,32.41447392463684,32.03313994407654
15,0,148,25,be8b45274cc91df6906bacc508d79b4a0332fbbb868511b3c4b9d6053d4af251,31.554338722229005,31.533604736328126
15,0,196,32,12d8727e7a887007f47270b578f0cc091eb30c68f4bb9333d4121b0aa3a80f7b,31.448294312000275,30.904905438423157
15,0,259,41,90932d29d1d391d7cd0ad81f4692b7dfa8745662ceb341b650aa1810c8fde3ca,31.320456434249877,30.136247146420363
15,0,305,43,efa2ed9135968bf1785b49bc497234776d7fea70a000faa48b5b39c55fd1dadf,19.498169199466705,19.473783914432968
15,0,353,45,eddea7929bdf4d53dc3f4458efdb8679d7c86747ecf7b1a57c390242f0c72941,12.549500564455986,13.142658710479736
15,0,454,59,00605606e51d903c1b3f52197064e5fe354940084847b24112f7fb97336f9722,9.455176362156868,8.355074462244065
15,0,716,127,ba4508da41b97ba04f94798e508126eea4764793b93b58f0106bc5d6c55a3987,2.62651836681366,2.4920994174762034
15,0,1347,294,16cb9606c7ea64217ed67bd10f6f889fa442a97f658f04f77ec0664fc1bcdd79,2.3797974063158036,2.283729850029459
15,0,1398,294,16cb9606c7ea64217ed67bd10f6f889fa442a97f658f04f77ec0664fc1bcdd79,2.3797974063158036,2.283729850029459
15,1,1,1,c1c4cb2ae8f315c68eeec3d3da41d25852a39909ea045904f8f68d6b088854d0,81.32939699554443,61.596092224121094
15,1,7,3,773dadf0307bd296ae64868118ad8113a39c804c06da6c126d4fb0cfea3184b1,70.95502985954285,61.2343495686849
15,1,21,7,33f483050fb6a0f80de1ffd1f3384aafbbb1b79bcf54867645e0eae4e49e6d12,74.02390954208374,61.754434313092915
15,1,52,12,fa373cb97fff934e53e76adcec2f6e10ddf19faf7a323775059dcced0c9adc28,32.162721955299375,27.045512040456135
15,1,81,18,60f7f3118e24e66010599d7f9be43d18c770d8c44c3f4a1b0c481524703e8085,27.581894676208496,16.540154218673706
15,1,104,20,6552c39e9513e608ee49511d0fe2c636ca9cd6fb470784019ac0f733ef2c5c2f,26.258189457893373,15.238729023933411
15,1,126,21,7d655bdd74e6704624918a6990cb80e6a58cb057686e2d4a5520093115d7f51e,23.58453604698181,12.336764937355404
15,1,161,26,60f6abacfc98d2ee829ce37da2ead860db81c847704ababdb0988f0fc622dab7,21.609107043504714,7.765685081481934
15,1,208,33,68a44f7d5b051ea92deef4793d6af42e5f90627affe43eca0ca78598e27f0550,12.799294954299926,3.059407035509745
15,1,339,65,9a4c4a5114bc5d1d8fd1b56844d3d60a1499a3bde9a5deea8507cd3ac3fe3d6a,4.272592372775078,2.4237928995719322
15,1,511,100,b4403257a1ade1fee9c8617d19eb06512d44208470bbbc6b54c2ac15b0b1417c,2.4903709705471995,1.7667174112796784
15,1,1398,100,b4403257a1ade1fee9c8617d19eb06512d44208470bbbc6b54c2ac15b0b1417c,2.4903709705471995,1.7667174112796784
15,2,1,1,c1c4cb2ae8f315c68eeec3d3da41d25852a39909ea045904f8f68d6b088854d0,81.32939699554443,76.72955322265625
15,2,4,2,fa5dbb08a034ea704ba9494fa4ae5977e92f9815a17b062f65eb864079772a3e,68.47774575614929,62.45076370239258
15,2,14,5,3990565ff977c4e5e5523be5595e6e542c13188fedf8d5877a5d4fed5eba8d3b,65.37637063598633,62.72521209716797
15,2,42,13,c13bd3bfdce5435a81cc19a575bf2324065dbd29ff8bcb5686a9677226ef1a14,33.940831168174746,34.560664690457855
15,2,93,26,cfbb427e57add5f907cdfd3e507f163ac70b82be9fc99a0f3c8584c9d0949e2f,31.51186762714386,32.52235045799842
15,2,121,27,b5ad1ccae0c0bc489727ab55eb9e543c34f118ec5c4f642542e5e691064a727a,30.648460569381715,31.164088708383066
15,2,177,34,23ca3286b612031108425175dbce19c227a65f61395297b5ece6312cfc6e095e,28.290118360757827,28.594079466427075
15,2,213,35,fdc5f6bfbc1bf68eac22d363f77b2d8b1ba262a4c42f12585a928aaa0636db1c,23.045383544921876,23.753179386683872
15,2,256,38,23d77b5f5acbaf8e9a5a3dfcc410bdedfe3e1311b99600fe2d238149e68fb9f4,15.747774281978607,16.859808620653656
15,2,416,79,c10559d616e26730c8ef41ccc542e6a61a8ebc42a2bca3d2914a15842955c927,3.22497955173254,3.441448424435869
15,2,896,213,ade581a6452a3ac5d698e00d50c82e3ae20473f02caeaf22d421d0e3cff5c1a9,2.877091087579727,3.105483030489353
15,2,1398,213,ade581a6452a3ac5d698e00d50c82e3ae20473f02caeaf22d421d0e3cff5c1a9,2.877091087579727,3.105483030489353
20,0,1,1,c1c4cb2ae8f315c68eeec3d3da41d25852a39909ea045904f8f68d6b088854d0,81.32939699554443,78.92112731933594
20,0,16,6,1c5f266ef831c03278bb5ccf9e0cd683650810ed846479ecab86c5892ae777f0,80.4868258228302,83.64031982421875
20,0,30,9,0312598235dc91749c3e441993b8f9a26014d9bd30aa17e6165bfb1c30e4712c,34.86720773601532,36.34229723612467
20,0,65,18,43f275c2b4a3871405b500a5d438966244c585f3a7f183300a72f04a90c3f850,32.46351486587525,32.47583346896701
20,0,122,24,a31df7e67d23d60ba85170ae3258cd294fce85e39d7f2f75338e116212e5c959,32.41447392463684,32.03313994407654
20,0,148,25,be8b45274cc91df6906bacc508d79b4a0332fbbb868511b3c4b9d6053d4af251,31.554338722229005,31.533604736328126
20,0,196,32,12d8727e7a887007f47270b578f0cc091eb30c68f4bb9333d4121b0aa3a80f7b,31.448294312000275,30.904905438423157
20,0,259,41,90932d29d1d391d7cd0ad81f4692b7dfa8745662ceb341b650aa1810c8fde3ca,31.320456434249877,30.136247146420363
20,0,305,43,efa2ed9135968bf1785b49bc497234776d7fea70a000faa48b5b39c55fd1dadf,19.498169199466705,19.473783914432968
20,0,353,45,eddea7929bdf4d53dc3f4458efdb8679d7c86747ecf7b1a57c390242f0c72941,12.549500564455986,13.142658710479736
20,0,454,59,00605606e51d903c1b3f52197064e5fe354940084847b24112f7fb97336f9722,9.455176362156868,8.355074462244065
20,0,716,127,ba4508da41b97ba04f94798e508126eea4764793b93b58f0106bc5d6c55a3987,2.62651836681366,2.4920994174762034
20,0,1340,293,16cb9606c7ea64217ed67bd10f6f889fa442a97f658f04f77ec0664fc1bcdd79,2.3797974063158036,2.286503669344931
20,0,1398,293,16cb9606c7ea64217ed67bd10f6f889fa442a97f658f04f77ec0664fc1bcdd79,2.3797974063158036,2.286503669344931
20,1,1,1,c1c4cb2ae8f315c68eeec3d3da41d25852a39909ea045904f8f68d6b088854d0,81.32939699554443,61.596092224121094
20,1,7,3,773dadf0307bd296ae64868118ad8113a39c804c06da6c126d4fb0cfea3184b1,70.95502985954285,61.2343495686849
20,1,21,7,33f483050fb6a0f80de1ffd1f3384aafbbb1b79bcf54867645e0eae4e49e6d12,74.02390954208374,61.754434313092915
20,1,52,12,fa373cb97fff934e53e76adcec2f6e10ddf19faf7a323775059dcced0c9adc28,32.162721955299375,27.045512040456135
20,1,81,18,60f7f3118e24e66010599d7f9be43d18c770d8c44c3f4a1b0c481524703e8085,27.581894676208496,16.540154218673706
20,1,104,20,6552c39e9513e608ee49511d0fe2c636ca9cd6fb470784019ac0f733ef2c5c2f,26.258189457893373,15.238729023933411
20,1,126,21,7d655bdd74e6704624918a6990cb80e6a58cb057686e2d4a5520093115d7f51e,23.58453604698181,12.336764937355404
20,1,161,26,60f6abacfc98d2ee829ce37da2ead860db81c847704ababdb0988f0fc622dab7,21.609107043504714,7.765685081481934
20,1,208,33,68a44f7d5b051ea92deef4793d6af42e5f90627affe43eca0ca78598e27f0550,12.799294954299926,3.059407035509745
20,1,339,65,9a4c4a5114bc5d1d8fd1b56844d3d60a1499a3bde9a5deea8507cd3ac3fe3d6a,4.272592372775078,2.4237928995719322
20,1,511,100,b4403257a1ade1fee9c8617d19eb06512d44208470bbbc6b54c2ac15b0b1417c,2.4903709705471995,1.7667174112796784
20,1,767,142,d2275a15a98ee4e8bed60868b7b2609978c5a2158fb1e6d8c7421d80658b8860,2.3440369518995285,1.7057383211565689
20,1,1398,142,d2275a15a98ee4e8bed60868b7b2609978c5a2158fb1e6d8c7421d80658b8860,2.3440369518995285,1.7057383211565689
20,2,1,1,c1c4cb2ae8f315c68eeec3d3da41d25852a39909ea045904f8f68d6b088854d0,81.32939699554443,76.72955322265625
20,2,4,2,fa5dbb08a034ea704ba9494fa4ae5977e92f9815a17b062f65eb864079772a3e,68.47774575614929,62.45076370239258
20,2,14,5,3990565ff977c4e5e5523be5595e6e542c13188fedf8d5877a5d4fed5eba8d3b,65.37637063598633,62.72521209716797
20,2,42,13,c13bd3bfdce5435a81cc19a575bf2324065dbd29ff8bcb5686a9677226ef1a14,33.940831168174746,34.560664690457855
20,2,93,26,cfbb427e57add5f907cdfd3e507f163ac70b82be9fc99a0f3c8584c9d0949e2f,31.51186762714386,32.52235045799842
20,2,121,27,b5ad1ccae0c0bc489727ab55eb9e543c34f118ec5c4f642542e5e691064a727a,30.648460569381715,31.164088708383066
20,2,177,34,23ca3286b612031108425175dbce19c227a65f61395297b5ece6312cfc6e095e,28.290118360757827,28.594079466427075
20,2,213,35,fdc5f6bfbc1bf68eac22d363f77b2d8b1ba262a4c42f12585a928aaa0636db1c,23.045383544921876,23.753179386683872
20,2,256,38,23d77b5f5acbaf8e9a5a3dfcc410bdedfe3e1311b99600fe2d238149e68fb9f4,15.747774281978607,16.859808620653656
20,2,416,79,c10559d616e26730c8ef41ccc542e6a61a8ebc42a2bca3d2914a15842955c927,3.22497955173254,3.441448424435869
20,2,896,213,ade581a6452a3ac5d698e00d50c82e3ae20473f02caeaf22d421d0e3cff5c1a9,2.877091087579727,3.105483030489353
20,2,1398,213,ade581a6452a3ac5d698e00d50c82e3ae20473f02caeaf22d421d0e3cff5c1a9,2.877091087579727,3.105483030489353
30,0,1,1,c1c4cb2ae8f315c68eeec3d3da41d25852a39909ea045904f8f68d6b088854d0,81.32939699554443,78.92112731933594
30,0,16,6,1c5f266ef831c03278bb5ccf9e0cd683650810ed846479ecab86c5892ae777f0,80.4868258228302,83.64031982421875
30,0,30,9,0312598235dc91749c3e441993b8f9a26014d9bd30aa17e6165bfb1c30e4712c,34.86720773601532,36.34229723612467
30,0,65,18,43f275c2b4a3871405b500a5d438966244c585f3a7f183300a72f04a90c3f850,32.46351486587525,32.47583346896701
30,0,122,24,a31df7e67d23d60ba85170ae3258cd294fce85e39d7f2f75338e116212e5c959,32.41447392463684,32.03313994407654
30,0,148,25,be8b45274cc91df6906bacc508d79b4a0332fbbb868511b3c4b9d6053d4af251,31.554338722229005,31.533604736328126
30,0,196,32,12d8727e7a887007f47270b578f0cc091eb30c68f4bb9333d4121b0aa3a80f7b,31.448294312000275,30.904905438423157
30,0,259,41,90932d29d1d391d7cd0ad81f4692b7dfa8745662ceb341b650aa1810c8fde3ca,31.320456434249877,30.136247146420363
30,0,305,43,efa2ed9135968bf1785b49bc497234776d7fea70a000faa48b5b39c55fd1dadf,19.498169199466705,19.473783914432968
30,0,353,45,eddea7929bdf4d53dc3f4458efdb8679d7c86747ecf7b1a57c390242f0c72941,12.549500564455986,13.142658710479736
30,0,454,59,00605606e51d903c1b3f52197064e5fe354940084847b24112f7fb97336f9722,9.455176362156868,8.355074462244065
30,0,716,127,ba4508da41b97ba04f94798e508126eea4764793b93b58f0106bc5d6c55a3987,2.62651836681366,2.4920994174762034
30,0,1344,294,16cb9606c7ea64217ed67bd10f6f889fa442a97f658f04f77ec0664fc1bcdd79,2.3797974063158036,2.2859805595307123
30,0,1398,294,16cb9606c7ea64217ed67bd10f6f889fa442a97f658f04f77ec0664fc1bcdd79,2.3797974063158036,2.2859805595307123
30,1,1,1,c1c4cb2ae8f315c68eeec3d3da41d25852a39909ea045904f8f68d6b088854d0,81.32939699554443,61.596092224121094
30,1,7,3,773dadf0307bd296ae64868118ad8113a39c804c06da6c126d4fb0cfea3184b1,70.95502985954285,61.2343495686849
30,1,21,7,33f483050fb6a0f80de1ffd1f3384aafbbb1b79bcf54867645e0eae4e49e6d12,74.02390954208374,61.754434313092915
30,1,52,12,fa373cb97fff934e53e76adcec2f6e10ddf19faf7a323775059dcced0c9adc28,32.162721955299375,27.045512040456135
30,1,81,18,60f7f3118e24e66010599d7f9be43d18c770d8c44c3f4a1b0c481524703e8085,27.581894676208496,16.540154218673706
30,1,104,20,6552c39e9513e608ee49511d0fe2c636ca9cd6fb470784019ac0f733ef2c5c2f,26.258189457893373,15.238729023933411
30,1,126,21,7d655bdd74e6704624918a6990cb80e6a58cb057686e2d4a5520093115d7f51e,23.58453604698181,12.336764937355404
30,1,161,26,60f6abacfc98d2ee829ce37da2ead860db81c847704ababdb0988f0fc622dab7,21.609107043504714,7.765685081481934
30,1,208,33,68a44f7d5b051ea92deef4793d6af42e5f90627affe43eca0ca78598e27f0550,12.799294954299926,3.059407035509745
30,1,339,65,9a4c4a5114bc5d1d8fd1b56844d3d60a1499a3bde9a5deea8507cd3ac3fe3d6a,4.272592372775078,2.4237928995719322
30,1,511,100,b4403257a1ade1fee9c8617d19eb06512d44208470bbbc6b54c2ac15b0b1417c,2.4903709705471995,1.7667174112796784
30,1,767,142,d2275a15a98ee4e8bed60868b7b2609978c5a2158fb1e6d8c7421d80658b8860,2.3440369518995285,1.7057383211565689
30,1,1398,142,d2275a15a98ee4e8bed60868b7b2609978c5a2158fb1e6d8c7421d80658b8860,2.3440369518995285,1.7057383211565689
30,2,1,1,c1c4cb2ae8f315c68eeec3d3da41d25852a39909ea045904f8f68d6b088854d0,81.32939699554443,76.72955322265625
30,2,4,2,fa5dbb08a034ea704ba9494fa4ae5977e92f9815a17b062f65eb864079772a3e,68.47774575614929,62.45076370239258
30,2,14,5,3990565ff977c4e5e5523be5595e6e542c13188fedf8d5877a5d4fed5eba8d3b,65.37637063598633,62.72521209716797
30,2,42,13,c13bd3bfdce5435a81cc19a575bf2324065dbd29ff8bcb5686a9677226ef1a14,33.940831168174746,34.560664690457855
30,2,93,26,cfbb427e57add5f907cdfd3e507f163ac70b82be9fc99a0f3c8584c9d0949e2f,31.51186762714386,32.52235045799842
30,2,121,27,b5ad1ccae0c0bc489727ab55eb9e543c34f118ec5c4f642542e5e691064a727a,30.648460569381715,31.164088708383066
30,2,177,34,23ca3286b612031108425175dbce19c227a65f61395297b5ece6312cfc6e095e,28.290118360757827,28.594079466427075
30,2,213,35,fdc5f6bfbc1bf68eac22d363f77b2d8b1ba262a4c42f12585a928aaa0636db1c,23.045383544921876,23.753179386683872
30,2,256,38,23d77b5f5acbaf8e9a5a3dfcc410bdedfe3e1311b99600fe2d238149e68fb9f4,15.747774281978607,16.859808620653656
30,2,416,79,c10559d616e26730c8ef41ccc542e6a61a8ebc42a2bca3d2914a15842955c927,3.22497955173254,3.441448424435869
30,2,896,213,ade581a6452a3ac5d698e00d50c82e3ae20473f02caeaf22d421d0e3cff5c1a9,2.877091087579727,3.105483030489353
30,2,1398,213,ade581a6452a3ac5d698e00d50c82e3ae20473f02caeaf22d421d0e3cff5c1a9,2.877091087579727,3.105483030489353
