method,method_key,family,smac_seed,trial,config_id,configuration_fingerprint,full_training_par10,smac_incumbent_subset_cost,run_complete,observed_endpoint_trial
Fixed depth 10,fixed_depth_10,fixed depth,0,1,1,b6eb40fb815149f4e6d252f93c7f1839b991c5bd0509407e0bf505b4cc1c5793,619.2101965492576,0.2505379915237427,True,5000
Fixed depth 10,fixed_depth_10,fixed depth,0,11,4,8bb4d40ae5c48e9723e3f9739ca292c19a6ae5258ba4344161b9019b0cad2740,84.52940810149659,8.823108518496156,True,5000
Fixed depth 10,fixed_depth_10,fixed depth,0,17,5,8bc73c07546f13cca3bc39c30667f30aae9d4e117de10a756604d653427b9c44,73.32771790064564,2.122026813030243,True,5000
Fixed depth 10,fixed_depth_10,fixed depth,0,122,35,9b73ecb0fc44bbbb3da424cd73065a0e85d8e7c5dd6cc78c871947a31eef6adc,36.61721917413452,6.326377681749207,True,5000
Fixed depth 10,fixed_depth_10,fixed depth,0,196,47,7a81941f6dda0348ba729ca63093b89ef7152183829faab65bbfcd2deb51505c,64.53846547985835,6.838347272273708,True,5000
Fixed depth 10,fixed_depth_10,fixed depth,0,871,205,a5a708ade5bf39ffe42d58aefa10d099683a4f98210cdf109890d6965fe8db8b,26.948450264401643,24.28925571057309,True,5000
Fixed depth 10,fixed_depth_10,fixed depth,0,1141,221,b904d14cbef565a0d16d383a8337c94f5f04d576054f86298fe74d9430534df1,25.833023415216484,24.501564768484343,True,5000
Fixed depth 10,fixed_depth_10,fixed depth,0,1691,300,cc3ae23cdd0b9b5b52b01d48f400a80c26e51a2671a0a10a0d5e8a322eb380ac,24.23072880723952,20.062585236461214,True,5000
Fixed depth 10,fixed_depth_10,fixed depth,0,5000,300,cc3ae23cdd0b9b5b52b01d48f400a80c26e51a2671a0a10a0d5e8a322eb380ac,24.23072880723952,20.062585236461214,True,5000
Fixed depth 15,fixed_depth_15,fixed depth,0,1,1,b6eb40fb815149f4e6d252f93c7f1839b991c5bd0509407e0bf505b4cc1c5793,619.2101965492576,0.2505379915237427,True,5000
Fixed depth 15,fixed_depth_15,fixed depth,0,11,4,8bb4d40ae5c48e9723e3f9739ca292c19a6ae5258ba4344161b9019b0cad2740,84.52940810149659,8.823108518496156,True,5000
Fixed depth 15,fixed_depth_15,fixed depth,0,17,5,8bc73c07546f13cca3bc39c30667f30aae9d4e117de10a756604d653427b9c44,73.32771790064564,2.122026813030243,True,5000
Fixed depth 15,fixed_depth_15,fixed depth,0,122,35,9b73ecb0fc44bbbb3da424cd73065a0e85d8e7c5dd6cc78c871947a31eef6adc,36.61721917413452,6.326377681749207,True,5000
Fixed depth 15,fixed_depth_15,fixed depth,0,166,38,cf9a7f52d325332d13fc25f510bd14b44dc692a95a003072b129477112c46cf2,28.83789370275172,5.826295920304562,True,5000
Fixed depth 15,fixed_depth_15,fixed depth,0,302,62,0e2fb3ea40940562e5e9039c04d511bbba2eb4f224416e09aa921f8cbb34a8f8,26.675847247242928,6.971534145455206,True,5000
Fixed depth 15,fixed_depth_15,fixed depth,0,1435,308,bee1d02d292a62148e52af7135b1875084c4d3edfa10e44bbd43bba164eb6417,24.79075361455768,21.211395958559468,True,5000
Fixed depth 15,fixed_depth_15,fixed depth,0,5000,308,bee1d02d292a62148e52af7135b1875084c4d3edfa10e44bbd43bba164eb6417,24.79075361455768,21.211395958559468,True,5000
Fixed depth 20,fixed_depth_20,fixed depth,0,1,1,b6eb40fb815149f4e6d252f93c7f1839b991c5bd0509407e0bf505b4cc1c5793,619.2101965492576,0.2505379915237427,True,5000
Fixed depth 20,fixed_depth_20,fixed depth,0,11,4,8bb4d40ae5c48e9723e3f9739ca292c19a6ae5258ba4344161b9019b0cad2740,84.52940810149659,8.823108518496156,True,5000
Fixed depth 20,fixed_depth_20,fixed depth,0,17,5,8bc73c07546f13cca3bc39c30667f30aae9d4e117de10a756604d653427b9c44,73.32771790064564,2.122026813030243,True,5000
Fixed depth 20,fixed_depth_20,fixed depth,0,122,35,9b73ecb0fc44bbbb3da424cd73065a0e85d8e7c5dd6cc78c871947a31eef6adc,36.61721917413452,6.326377681749207,True,5000
Fixed depth 20,fixed_depth_20,fixed depth,0,166,38,cf9a7f52d325332d13fc25f510bd14b44dc692a95a003072b129477112c46cf2,28.83789370275172,5.826295920304562,True,5000
Fixed depth 20,fixed_depth_20,fixed depth,0,302,62,0e2fb3ea40940562e5e9039c04d511bbba2eb4f224416e09aa921f8cbb34a8f8,26.675847247242928,6.971534145455206,True,5000
Fixed depth 20,fixed_depth_20,fixed depth,0,979,198,0ca4bb8c9c2217592de5d63a8e1359dc14f17dec5d8746a97d7dd9c40334b3a6,25.461509326088034,13.838849662972445,True,5000
Fixed depth 20,fixed_depth_20,fixed depth,0,3882,828,57129f26f4cf3b23e77a5582d3cf128ad6b571969cc365a7f051e2df15103fc5,24.80815155452025,23.978251591639747,True,5000
Fixed depth 20,fixed_depth_20,fixed depth,0,5000,828,57129f26f4cf3b23e77a5582d3cf128ad6b571969cc365a7f051e2df15103fc5,24.80815155452025,23.978251591639747,True,5000
Fixed depth 30,fixed_depth_30,fixed depth,0,1,1,b6eb40fb815149f4e6d252f93c7f1839b991c5bd0509407e0bf505b4cc1c5793,619.2101965492576,0.2505379915237427,True,5000
Fixed depth 30,fixed_depth_30,fixed depth,0,11,4,8bb4d40ae5c48e9723e3f9739ca292c19a6ae5258ba4344161b9019b0cad2740,84.52940810149659,8.823108518496156,True,5000
Fixed depth 30,fixed_depth_30,fixed depth,0,17,5,8bc73c07546f13cca3bc39c30667f30aae9d4e117de10a756604d653427b9c44,73.32771790064564,2.122026813030243,True,5000
Fixed depth 30,fixed_depth_30,fixed depth,0,122,35,9b73ecb0fc44bbbb3da424cd73065a0e85d8e7c5dd6cc78c871947a31eef6adc,36.61721917413452,6.326377681749207,True,5000
Fixed depth 30,fixed_depth_30,fixed depth,0,166,38,cf9a7f52d325332d13fc25f510bd14b44dc692a95a003072b129477112c46cf2,28.83789370275172,5.826295920304562,True,5000
Fixed depth 30,fixed_depth_30,fixed depth,0,302,62,0e2fb3ea40940562e5e9039c04d511bbba2eb4f224416e09aa921f8cbb34a8f8,26.675847247242928,6.971534145455206,True,5000
Fixed depth 30,fixed_depth_30,fixed depth,0,979,198,0ca4bb8c9c2217592de5d63a8e1359dc14f17dec5d8746a97d7dd9c40334b3a6,25.461509326088034,13.838849662972445,True,5000
Fixed depth 30,fixed_depth_30,fixed depth,0,2483,517,a1163ca1c6cd40d584406a060c7f4ef903d5b45a7f3625fc01bb14ca9ec968dc,23.22957308873657,27.9794177012428,True,5000
Fixed depth 30,fixed_depth_30,fixed depth,0,4622,992,b40c998f7dc88db492c026c9e1de7322298b5e933a244472e8a840381224ba8a,16.041059255407554,15.992968462155982,True,5000
Fixed depth 30,fixed_depth_30,fixed depth,0,5000,992,b40c998f7dc88db492c026c9e1de7322298b5e933a244472e8a840381224ba8a,16.041059255407554,15.992968462155982,True,5000
Fixed depth 5,fixed_depth_5,fixed depth,0,1,1,b6eb40fb815149f4e6d252f93c7f1839b991c5bd0509407e0bf505b4cc1c5793,619.2101965492576,0.2505379915237427,True,5000
Fixed depth 5,fixed_depth_5,fixed depth,0,11,4,8bb4d40ae5c48e9723e3f9739ca292c19a6ae5258ba4344161b9019b0cad2740,84.52940810149659,8.823108518496156,True,5000
Fixed depth 5,fixed_depth_5,fixed depth,0,17,5,8bc73c07546f13cca3bc39c30667f30aae9d4e117de10a756604d653427b9c44,73.32771790064564,2.122026813030243,True,5000
Fixed depth 5,fixed_depth_5,fixed depth,0,154,47,9b3455b2bed02a2e240bb29b1026323764c0f9ac9b33515d94af7fddc599c568,98.21575889095648,45.59376390864875,True,5000
Fixed depth 5,fixed_depth_5,fixed depth,0,203,48,81df5f7e0c86fd5b80ca09326ffb75de6e03da3d80a5fb64a4c780e2aad3a10a,50.79127742862714,28.25088902407636,True,5000
Fixed depth 5,fixed_depth_5,fixed depth,0,315,56,6715233cd0d0b8c22fc14baea9dd0f61750406cc40149ed513f47a6b35c44009,46.76539408638766,17.115661602201207,True,5000
Fixed depth 5,fixed_depth_5,fixed depth,0,857,167,e8f2762609d32026aea0d1d5ccaad2d049ec47b48b9c6a13280b5991f1af644c,29.631351365361454,22.71740067366533,True,5000
Fixed depth 5,fixed_depth_5,fixed depth,0,1041,173,ab387997cc32957410dc1c04c21043342b860955eb555417b872497654f9aa4a,25.60185351920476,17.732602524705705,True,5000
Fixed depth 5,fixed_depth_5,fixed depth,0,5000,173,ab387997cc32957410dc1c04c21043342b860955eb555417b872497654f9aa4a,25.60185351920476,17.732602524705705,True,5000
Oracle depth schedule,oracle_incumbent_depth,adaptive policy,0,1,1,b6eb40fb815149f4e6d252f93c7f1839b991c5bd0509407e0bf505b4cc1c5793,619.2101965492576,0.25066301226615906,False,3414
Oracle depth schedule,oracle_incumbent_depth,adaptive policy,0,4,2,28cc0b5739e321fbb169ab4f5972b558876370fe6645b9d6ae4e904c1e4af0b1,111.31214465224761,0.07864299602806568,False,3414
Oracle depth schedule,oracle_incumbent_depth,adaptive policy,0,26,8,cdcc21db2ef75c8a47137346b52834fda90998f8eae5e90785c894a427c2b576,118.94160502083784,36.33201917167753,False,3414
Oracle depth schedule,oracle_incumbent_depth,adaptive policy,0,187,44,180a690e5282e652d07820a2f0c72187b86059422f3282949b9a9b6876e3b075,79.62152734904527,25.641923957335,False,3414
Oracle depth schedule,oracle_incumbent_depth,adaptive policy,0,239,47,d968fab87e40fcebc1ccfaa785f8f548d500d024dbdddd4927e34ddbd7dde49d,59.20080089489044,22.185332334580572,False,3414
Oracle depth schedule,oracle_incumbent_depth,adaptive policy,0,291,49,31dce52fdac43794e1e4d3a2f2bed7325a92e4fe18859dee3a84d87333d8ebb4,96.934160527042,16.57151873637827,False,3414
Oracle depth schedule,oracle_incumbent_depth,adaptive policy,0,1321,245,38559f15a9e3f2299a5842682d253b81cf4065089560dfc1231a5f986bfca0ee,62.40323280471508,60.489166695791845,False,3414
Oracle depth schedule,oracle_incumbent_depth,adaptive policy,0,1580,250,9319d654ba6f1e597abc747c11b8cb3146afee58a60594625cdb36b33a02b8ff,20.10765321515039,18.814372689396144,False,3414
Oracle depth schedule,oracle_incumbent_depth,adaptive policy,0,3414,250,9319d654ba6f1e597abc747c11b8cb3146afee58a60594625cdb36b33a02b8ff,20.10765321515039,18.814372689396144,False,3414
Saturation k=100,saturation_k100,adaptive policy,0,1,1,b6eb40fb815149f4e6d252f93c7f1839b991c5bd0509407e0bf505b4cc1c5793,619.2101965492576,0.25066301226615906,False,3005
Saturation k=100,saturation_k100,adaptive policy,0,4,2,28cc0b5739e321fbb169ab4f5972b558876370fe6645b9d6ae4e904c1e4af0b1,111.31214465224761,0.07864299602806568,False,3005
Saturation k=100,saturation_k100,adaptive policy,0,26,8,cdcc21db2ef75c8a47137346b52834fda90998f8eae5e90785c894a427c2b576,118.94160502083784,36.33201917167753,False,3005
Saturation k=100,saturation_k100,adaptive policy,0,187,44,180a690e5282e652d07820a2f0c72187b86059422f3282949b9a9b6876e3b075,79.62152734904527,25.641923957335,False,3005
Saturation k=100,saturation_k100,adaptive policy,0,287,60,e8391f5464b43dd7df4da4d79d149451826196113342eb6b92a81f149c61d663,30.578151538306155,22.539888528734444,False,3005
Saturation k=100,saturation_k100,adaptive policy,0,349,61,817364a3e1fe50b35f19ddc9f43d464201ebb63909cc54872c2c0d5cbccb64b8,36.87520854439479,21.769969376842262,False,3005
Saturation k=100,saturation_k100,adaptive policy,0,586,115,ca2bb273e5f39960c688966a239531c9ef59aa8f072ff27b8bed61af566be95a,26.263510331018896,13.244277052386947,False,3005
Saturation k=100,saturation_k100,adaptive policy,0,3005,115,ca2bb273e5f39960c688966a239531c9ef59aa8f072ff27b8bed61af566be95a,26.263510331018896,13.244277052386947,False,3005
Saturation k=250,saturation_k250,adaptive policy,0,1,1,b6eb40fb815149f4e6d252f93c7f1839b991c5bd0509407e0bf505b4cc1c5793,619.2101965492576,0.25066301226615906,False,2977
Saturation k=250,saturation_k250,adaptive policy,0,4,2,28cc0b5739e321fbb169ab4f5972b558876370fe6645b9d6ae4e904c1e4af0b1,111.31214465224761,0.07864299602806568,False,2977
Saturation k=250,saturation_k250,adaptive policy,0,26,8,cdcc21db2ef75c8a47137346b52834fda90998f8eae5e90785c894a427c2b576,118.94160502083784,36.33201917167753,False,2977
Saturation k=250,saturation_k250,adaptive policy,0,187,44,180a690e5282e652d07820a2f0c72187b86059422f3282949b9a9b6876e3b075,79.62152734904527,25.641923957335,False,2977
Saturation k=250,saturation_k250,adaptive policy,0,287,60,e8391f5464b43dd7df4da4d79d149451826196113342eb6b92a81f149c61d663,30.578151538306155,22.539888528734444,False,2977
Saturation k=250,saturation_k250,adaptive policy,0,349,61,817364a3e1fe50b35f19ddc9f43d464201ebb63909cc54872c2c0d5cbccb64b8,36.87520854439479,21.769969376842262,False,2977
Saturation k=250,saturation_k250,adaptive policy,0,586,115,ca2bb273e5f39960c688966a239531c9ef59aa8f072ff27b8bed61af566be95a,26.263510331018896,13.244277052386947,False,2977
Saturation k=250,saturation_k250,adaptive policy,0,2977,115,ca2bb273e5f39960c688966a239531c9ef59aa8f072ff27b8bed61af566be95a,26.263510331018896,13.244277052386947,False,2977
Saturation k=50,saturation_k50,adaptive policy,0,1,1,b6eb40fb815149f4e6d252f93c7f1839b991c5bd0509407e0bf505b4cc1c5793,619.2101965492576,0.25066301226615906,False,2314
Saturation k=50,saturation_k50,adaptive policy,0,4,2,28cc0b5739e321fbb169ab4f5972b558876370fe6645b9d6ae4e904c1e4af0b1,111.31214465224761,0.07864299602806568,False,2314
Saturation k=50,saturation_k50,adaptive policy,0,26,8,cdcc21db2ef75c8a47137346b52834fda90998f8eae5e90785c894a427c2b576,118.94160502083784,36.33201917167753,False,2314
Saturation k=50,saturation_k50,adaptive policy,0,187,44,180a690e5282e652d07820a2f0c72187b86059422f3282949b9a9b6876e3b075,79.62152734904527,25.641923957335,False,2314
Saturation k=50,saturation_k50,adaptive policy,0,287,60,e8391f5464b43dd7df4da4d79d149451826196113342eb6b92a81f149c61d663,30.578151538306155,22.539888528734444,False,2314
Saturation k=50,saturation_k50,adaptive policy,0,349,61,817364a3e1fe50b35f19ddc9f43d464201ebb63909cc54872c2c0d5cbccb64b8,36.87520854439479,21.769969376842262,False,2314
Saturation k=50,saturation_k50,adaptive policy,0,586,115,ca2bb273e5f39960c688966a239531c9ef59aa8f072ff27b8bed61af566be95a,26.263510331018896,13.244277052386947,False,2314
Saturation k=50,saturation_k50,adaptive policy,0,2314,115,ca2bb273e5f39960c688966a239531c9ef59aa8f072ff27b8bed61af566be95a,26.263510331018896,13.244277052386947,False,2314
Error/variance trend,error_variance_trend_25,adaptive policy,1,1,1,b6eb40fb815149f4e6d252f93c7f1839b991c5bd0509407e0bf505b4cc1c5793,619.2101965492576,81.5,False,2150
Error/variance trend,error_variance_trend_25,adaptive policy,1,4,2,aeccdfd00119eadec7dfcda3fd279176d0b0b6e7d579b11c1aff87d9036a1d5f,111.9547690115792,34.285109758377075,False,2150
Error/variance trend,error_variance_trend_25,adaptive policy,1,14,5,5fd4adeeb6c99ebb56a8e669147f5a59a5aa944971cd9c78c884869296aee93b,99.52512043477459,35.94190134182573,False,2150
Error/variance trend,error_variance_trend_25,adaptive policy,1,28,8,deef6d1e81e9d03fb8027454db6786d1f173b2ce82393564248437c76164a884,40.32184630980299,32.26858975738287,False,2150
Error/variance trend,error_variance_trend_25,adaptive policy,1,47,11,a946c84d2407eae0642ec9d2d26e9352dd3b70be7856e51a37cee3db18ae02f3,59.37489743740105,14.595413359728726,False,2150
Error/variance trend,error_variance_trend_25,adaptive policy,1,108,27,3708ba69df293623931bfac535f8ec1825070280fc1c00a047e08c2f44295e1f,64.71365904909644,10.464046398798624,False,2150
Error/variance trend,error_variance_trend_25,adaptive policy,1,398,75,b30e0d09d9eb97f217fdd63006218c8c4219c7702cc0896ea82a2c36a1396eb8,67.60042322749534,10.36966026050349,False,2150
Error/variance trend,error_variance_trend_25,adaptive policy,1,588,88,b3a56de4902ec09f6ac11baca5595b0155a4018400616857d4c4a2fc6ca80bf5,24.945975658033536,8.108628794826059,False,2150
Error/variance trend,error_variance_trend_25,adaptive policy,1,830,133,3e18d7810eeb84ccb4504d1faa608e3a6d8e59135cae7533e67316c4cb5fa4e8,24.45887629409544,9.645657331171565,False,2150
Error/variance trend,error_variance_trend_25,adaptive policy,1,2150,133,3e18d7810eeb84ccb4504d1faa608e3a6d8e59135cae7533e67316c4cb5fa4e8,24.45887629409544,9.645657331171565,False,2150
Fixed depth 10,fixed_depth_10,fixed depth,1,1,1,b6eb40fb815149f4e6d252f93c7f1839b991c5bd0509407e0bf505b4cc1c5793,619.2101965492576,2.5693697929382324,True,5000
Fixed depth 10,fixed_depth_10,fixed depth,1,13,5,5fd4adeeb6c99ebb56a8e669147f5a59a5aa944971cd9c78c884869296aee93b,99.5251204347746,0.9056100323796272,True,5000
Fixed depth 10,fixed_depth_10,fixed depth,1,38,11,198614680882b6c9ae178f2a6076e5678e19dd106504d4ac1921a2a7837213ec,90.5964987467328,11.87369810857556,True,5000
Fixed depth 10,fixed_depth_10,fixed depth,1,54,13,7966b976863d791131a3cf7a036075c85ee7a9b14bcc9e42164b3e7bf31a6a3f,63.39727714052809,19.9665095147032,True,5000
Fixed depth 10,fixed_depth_10,fixed depth,1,75,16,b0ef5619bc3324efd28f307df51f2c045aa716dae5c7eabc7b72d035fb6fa772,61.48829075042928,25.59494225354865,True,5000
Fixed depth 10,fixed_depth_10,fixed depth,1,1356,309,428c0f777319c9f5b6dbe2b5dc7e2aa874a62da529b322973669aeb8aa616a7f,27.839016501830255,11.654951622130946,True,5000
Fixed depth 10,fixed_depth_10,fixed depth,1,3636,605,6ffa851cf506239c4dc0536cf5938114ca419d40bbd2eecc95085c646d7118e8,16.701369720672773,23.539480551363024,True,5000
Fixed depth 10,fixed_depth_10,fixed depth,1,5000,605,6ffa851cf506239c4dc0536cf5938114ca419d40bbd2eecc95085c646d7118e8,16.701369720672773,23.539480551363024,True,5000
Fixed depth 15,fixed_depth_15,fixed depth,1,1,1,b6eb40fb815149f4e6d252f93c7f1839b991c5bd0509407e0bf505b4cc1c5793,619.2101965492576,2.5693697929382324,True,5000
Fixed depth 15,fixed_depth_15,fixed depth,1,13,5,5fd4adeeb6c99ebb56a8e669147f5a59a5aa944971cd9c78c884869296aee93b,99.5251204347746,0.9056100323796272,True,5000
Fixed depth 15,fixed_depth_15,fixed depth,1,38,11,198614680882b6c9ae178f2a6076e5678e19dd106504d4ac1921a2a7837213ec,90.5964987467328,11.87369810857556,True,5000
Fixed depth 15,fixed_depth_15,fixed depth,1,54,13,7966b976863d791131a3cf7a036075c85ee7a9b14bcc9e42164b3e7bf31a6a3f,63.39727714052809,19.9665095147032,True,5000
Fixed depth 15,fixed_depth_15,fixed depth,1,75,16,b0ef5619bc3324efd28f307df51f2c045aa716dae5c7eabc7b72d035fb6fa772,61.48829075042928,25.59494225354865,True,5000
Fixed depth 15,fixed_depth_15,fixed depth,1,760,178,b774999efd160e3007bd21ef7a61d8df6f6937b8c6e873af3572674e04205368,24.900050376576548,8.668899961224014,True,5000
Fixed depth 15,fixed_depth_15,fixed depth,1,1853,430,626ed29ebe23ab1debfc160dfd3ca9012c089fd9c0c4260a0706ad8cf67d0f14,29.20040554749925,9.449348552477394,True,5000
Fixed depth 15,fixed_depth_15,fixed depth,1,3096,480,7c1c3511e3e182f402f882f835cb28814cca9501d42c9298c2c798e229cea6ea,27.189506787375723,8.717251767365573,True,5000
Fixed depth 15,fixed_depth_15,fixed depth,1,5000,480,7c1c3511e3e182f402f882f835cb28814cca9501d42c9298c2c798e229cea6ea,27.189506787375723,8.717251767365573,True,5000
Fixed depth 20,fixed_depth_20,fixed depth,1,1,1,b6eb40fb815149f4e6d252f93c7f1839b991c5bd0509407e0bf505b4cc1c5793,619.2101965492576,2.5693697929382324,True,5000
Fixed depth 20,fixed_depth_20,fixed depth,1,13,5,5fd4adeeb6c99ebb56a8e669147f5a59a5aa944971cd9c78c884869296aee93b,99.5251204347746,0.9056100323796272,True,5000
Fixed depth 20,fixed_depth_20,fixed depth,1,38,11,198614680882b6c9ae178f2a6076e5678e19dd106504d4ac1921a2a7837213ec,90.5964987467328,11.87369810857556,True,5000
Fixed depth 20,fixed_depth_20,fixed depth,1,54,13,7966b976863d791131a3cf7a036075c85ee7a9b14bcc9e42164b3e7bf31a6a3f,63.39727714052809,19.9665095147032,True,5000
Fixed depth 20,fixed_depth_20,fixed depth,1,75,16,b0ef5619bc3324efd28f307df51f2c045aa716dae5c7eabc7b72d035fb6fa772,61.48829075042928,25.59494225354865,True,5000
Fixed depth 20,fixed_depth_20,fixed depth,1,1956,421,0c9e729ff489de84437fbedfd22e5ebb35c20c473d098b39bee6d2428d2cf1d7,24.23130994915485,7.506436333741612,True,5000
Fixed depth 20,fixed_depth_20,fixed depth,1,5000,421,0c9e729ff489de84437fbedfd22e5ebb35c20c473d098b39bee6d2428d2cf1d7,24.23130994915485,7.506436333741612,True,5000
Fixed depth 30,fixed_depth_30,fixed depth,1,1,1,b6eb40fb815149f4e6d252f93c7f1839b991c5bd0509407e0bf505b4cc1c5793,619.2101965492576,2.5693697929382324,True,5000
Fixed depth 30,fixed_depth_30,fixed depth,1,13,5,5fd4adeeb6c99ebb56a8e669147f5a59a5aa944971cd9c78c884869296aee93b,99.5251204347746,0.9056100323796272,True,5000
Fixed depth 30,fixed_depth_30,fixed depth,1,38,11,198614680882b6c9ae178f2a6076e5678e19dd106504d4ac1921a2a7837213ec,90.5964987467328,11.87369810857556,True,5000
Fixed depth 30,fixed_depth_30,fixed depth,1,54,13,7966b976863d791131a3cf7a036075c85ee7a9b14bcc9e42164b3e7bf31a6a3f,63.39727714052809,19.9665095147032,True,5000
Fixed depth 30,fixed_depth_30,fixed depth,1,75,16,b0ef5619bc3324efd28f307df51f2c045aa716dae5c7eabc7b72d035fb6fa772,61.48829075042928,25.59494225354865,True,5000
Fixed depth 30,fixed_depth_30,fixed depth,1,1629,400,093748cf715413a4b34309d7ed91fce756d5f54227b428399cb96fd66dc29bf1,64.06967723625135,21.46747128280345,True,5000
Fixed depth 30,fixed_depth_30,fixed depth,1,2044,404,2b84f982634bbf88c9e8e570e7e5d783c533613e2c43b32d85d00eff8718c404,33.131504315424955,11.90199693779249,True,5000
Fixed depth 30,fixed_depth_30,fixed depth,1,2639,443,09e666dbbc28c84b2f2cf78426910c1e4ac6876624066f0068a0b06926b136ef,28.679822462410783,9.320544388586692,True,5000
Fixed depth 30,fixed_depth_30,fixed depth,1,5000,443,09e666dbbc28c84b2f2cf78426910c1e4ac6876624066f0068a0b06926b136ef,28.679822462410783,9.320544388586692,True,5000
Fixed depth 5,fixed_depth_5,fixed depth,1,1,1,b6eb40fb815149f4e6d252f93c7f1839b991c5bd0509407e0bf505b4cc1c5793,619.2101965492576,2.5693697929382324,True,5000
Fixed depth 5,fixed_depth_5,fixed depth,1,13,5,5fd4adeeb6c99ebb56a8e669147f5a59a5aa944971cd9c78c884869296aee93b,99.5251204347746,0.9056100323796272,True,5000
Fixed depth 5,fixed_depth_5,fixed depth,1,38,11,198614680882b6c9ae178f2a6076e5678e19dd106504d4ac1921a2a7837213ec,90.5964987467328,11.87369810857556,True,5000
Fixed depth 5,fixed_depth_5,fixed depth,1,54,13,7966b976863d791131a3cf7a036075c85ee7a9b14bcc9e42164b3e7bf31a6a3f,63.39727714052809,19.9665095147032,True,5000
Fixed depth 5,fixed_depth_5,fixed depth,1,75,16,b0ef5619bc3324efd28f307df51f2c045aa716dae5c7eabc7b72d035fb6fa772,61.48829075042928,25.59494225354865,True,5000
Fixed depth 5,fixed_depth_5,fixed depth,1,191,42,aa5b378f2fef296e92e4ece45ae0c6df85b9ab3027559ecca04c0028e8f576e9,26.7935159952526,10.447971341688008,True,5000
Fixed depth 5,fixed_depth_5,fixed depth,1,2489,545,33084d5ca1596540cc069f57fb027887a2cb2f09e4c26d10c5594dd9eec71428,26.24328471169507,10.086999644797055,True,5000
Fixed depth 5,fixed_depth_5,fixed depth,1,5000,545,33084d5ca1596540cc069f57fb027887a2cb2f09e4c26d10c5594dd9eec71428,26.24328471169507,10.086999644797055,True,5000
Oracle depth schedule,oracle_incumbent_depth,adaptive policy,1,1,1,b6eb40fb815149f4e6d252f93c7f1839b991c5bd0509407e0bf505b4cc1c5793,619.2101965492576,81.5,False,2327
Oracle depth schedule,oracle_incumbent_depth,adaptive policy,1,4,2,aeccdfd00119eadec7dfcda3fd279176d0b0b6e7d579b11c1aff87d9036a1d5f,111.9547690115792,34.285109758377075,False,2327
Oracle depth schedule,oracle_incumbent_depth,adaptive policy,1,14,5,5fd4adeeb6c99ebb56a8e669147f5a59a5aa944971cd9c78c884869296aee93b,99.52512043477459,35.94190134182573,False,2327
Oracle depth schedule,oracle_incumbent_depth,adaptive policy,1,28,8,deef6d1e81e9d03fb8027454db6786d1f173b2ce82393564248437c76164a884,40.32184630980299,32.26858975738287,False,2327
Oracle depth schedule,oracle_incumbent_depth,adaptive policy,1,47,11,a946c84d2407eae0642ec9d2d26e9352dd3b70be7856e51a37cee3db18ae02f3,59.37489743740105,14.595413359728726,False,2327
Oracle depth schedule,oracle_incumbent_depth,adaptive policy,1,108,27,3708ba69df293623931bfac535f8ec1825070280fc1c00a047e08c2f44295e1f,64.71365904909644,10.464046398798624,False,2327
Oracle depth schedule,oracle_incumbent_depth,adaptive policy,1,176,39,6d9ceccf99101be3a8e60b7e61f2c72310844165f10320dce55c3711a08fad58,24.47725393289069,4.88507768086707,False,2327
Oracle depth schedule,oracle_incumbent_depth,adaptive policy,1,2327,39,6d9ceccf99101be3a8e60b7e61f2c72310844165f10320dce55c3711a08fad58,24.47725393289069,4.88507768086707,False,2327
Rotating saturation k=50,rotating_saturation_k50,adaptive policy,1,1,1,b6eb40fb815149f4e6d252f93c7f1839b991c5bd0509407e0bf505b4cc1c5793,619.2101965492576,81.5,False,3667
Rotating saturation k=50,rotating_saturation_k50,adaptive policy,1,4,2,aeccdfd00119eadec7dfcda3fd279176d0b0b6e7d579b11c1aff87d9036a1d5f,111.9547690115792,34.285109758377075,False,3667
Rotating saturation k=50,rotating_saturation_k50,adaptive policy,1,14,5,5fd4adeeb6c99ebb56a8e669147f5a59a5aa944971cd9c78c884869296aee93b,99.52512043477459,35.94190134182573,False,3667
Rotating saturation k=50,rotating_saturation_k50,adaptive policy,1,28,8,deef6d1e81e9d03fb8027454db6786d1f173b2ce82393564248437c76164a884,40.32184630980299,32.26858975738287,False,3667
Rotating saturation k=50,rotating_saturation_k50,adaptive policy,1,47,11,a946c84d2407eae0642ec9d2d26e9352dd3b70be7856e51a37cee3db18ae02f3,59.37489743740105,14.595413359728726,False,3667
Rotating saturation k=50,rotating_saturation_k50,adaptive policy,1,114,29,03f3b792531e1ca98ed480055108b008ca68c09676474d392d42532d19d2ab84,28.043990844491223,10.041537191333441,False,3667
Rotating saturation k=50,rotating_saturation_k50,adaptive policy,1,441,92,cc55811fb492689e08b3078b6b9bdb01ad6e415dafe7fc1201200d61df114939,25.833642433851587,10.969606593899105,False,3667
Rotating saturation k=50,rotating_saturation_k50,adaptive policy,1,775,157,28e5e3e0e1d6fd55f88b20d3d9ac579f6daea93d1554f63dfbac77ec4813cecd,25.061409999066118,10.897592038094142,False,3667
Rotating saturation k=50,rotating_saturation_k50,adaptive policy,1,2834,766,5d35a1df7dc2401e6248431ba5140cd6451769b30b92a96feef49eb01945d24c,23.9377839289113,23.9377839289113,False,3667
Rotating saturation k=50,rotating_saturation_k50,adaptive policy,1,3667,766,5d35a1df7dc2401e6248431ba5140cd6451769b30b92a96feef49eb01945d24c,23.9377839289113,23.9377839289113,False,3667
Saturation k=250,saturation_k250,adaptive policy,1,1,1,b6eb40fb815149f4e6d252f93c7f1839b991c5bd0509407e0bf505b4cc1c5793,619.2101965492576,81.5,False,2677
Saturation k=250,saturation_k250,adaptive policy,1,4,2,aeccdfd00119eadec7dfcda3fd279176d0b0b6e7d579b11c1aff87d9036a1d5f,111.9547690115792,34.285109758377075,False,2677
Saturation k=250,saturation_k250,adaptive policy,1,14,5,5fd4adeeb6c99ebb56a8e669147f5a59a5aa944971cd9c78c884869296aee93b,99.52512043477459,35.94190134182573,False,2677
Saturation k=250,saturation_k250,adaptive policy,1,28,8,deef6d1e81e9d03fb8027454db6786d1f173b2ce82393564248437c76164a884,40.32184630980299,32.26858975738287,False,2677
Saturation k=250,saturation_k250,adaptive policy,1,47,11,a946c84d2407eae0642ec9d2d26e9352dd3b70be7856e51a37cee3db18ae02f3,59.37489743740105,14.595413359728726,False,2677
Saturation k=250,saturation_k250,adaptive policy,1,108,27,3708ba69df293623931bfac535f8ec1825070280fc1c00a047e08c2f44295e1f,64.71365904909644,10.464046398798624,False,2677
Saturation k=250,saturation_k250,adaptive policy,1,176,39,6d9ceccf99101be3a8e60b7e61f2c72310844165f10320dce55c3711a08fad58,24.47725393289069,4.88507768086707,False,2677
Saturation k=250,saturation_k250,adaptive policy,1,2677,39,6d9ceccf99101be3a8e60b7e61f2c72310844165f10320dce55c3711a08fad58,24.47725393289069,4.88507768086707,False,2677
Error/variance trend,error_variance_trend_25,adaptive policy,2,1,1,b6eb40fb815149f4e6d252f93c7f1839b991c5bd0509407e0bf505b4cc1c5793,619.2101965492576,3000.0,False,2327
Error/variance trend,error_variance_trend_25,adaptive policy,2,4,2,923fb8984a664011c61e1e40e4200b728bddc741755ba73e9c41f74911171bb2,51.288920228488834,141.7107391357422,False,2327
Error/variance trend,error_variance_trend_25,adaptive policy,2,8,3,7ed937742987453e92c54f63da2dc247a0cb5b5ae0c36998bc33126bb106aede,79.01376307554051,120.60630671183269,False,2327
Error/variance trend,error_variance_trend_25,adaptive policy,2,280,83,63fad8158c27af749c78797ac55ba90ed41421b661d6bd6a54e04300ab2d4bb8,63.89628283493221,21.700283803404815,False,2327
Error/variance trend,error_variance_trend_25,adaptive policy,2,1011,250,830a9a394900ef69f1d083a0e4d9dd70f2bdc03fccaa046e80218217a473ec79,24.939556706512022,12.325780667364597,False,2327
Error/variance trend,error_variance_trend_25,adaptive policy,2,2327,250,830a9a394900ef69f1d083a0e4d9dd70f2bdc03fccaa046e80218217a473ec79,24.939556706512022,12.325780667364597,False,2327
Fixed depth 10,fixed_depth_10,fixed depth,2,1,1,b6eb40fb815149f4e6d252f93c7f1839b991c5bd0509407e0bf505b4cc1c5793,619.2101965492576,0.3606449961662292,True,5000
Fixed depth 10,fixed_depth_10,fixed depth,2,4,2,923fb8984a664011c61e1e40e4200b728bddc741755ba73e9c41f74911171bb2,51.288920228488834,67.18082743883133,True,5000
Fixed depth 10,fixed_depth_10,fixed depth,2,8,3,7ed937742987453e92c54f63da2dc247a0cb5b5ae0c36998bc33126bb106aede,79.01376307554051,23.68622080485026,True,5000
Fixed depth 10,fixed_depth_10,fixed depth,2,241,68,f1ca41d66f9d3e00cda6e4b71f6c332de28c95dc494f342b18e822b08b59a0f0,77.22584427634547,109.8087247466559,True,5000
Fixed depth 10,fixed_depth_10,fixed depth,2,402,86,dd9f7e4b8c372056b461f3d4a7f299d2f6388edeb4cf8517b9d370d8a3f38fce,72.75811056650728,119.41352817615451,True,5000
Fixed depth 10,fixed_depth_10,fixed depth,2,523,98,70213d0d618d82a6aad91425927642c78886082bcbe9773a95021538095b8576,60.9429888102911,77.9251819337357,True,5000
Fixed depth 10,fixed_depth_10,fixed depth,2,677,115,99525dd901a6f4230f779ea070d5f60dec30437f1920f7c6126b5a873fe53f5a,38.377316074176456,52.69900600087384,True,5000
Fixed depth 10,fixed_depth_10,fixed depth,2,916,133,bcfb11f96f76fcd5af6ebd41d3ba67a5857835bf3e6f3c05bc9accc00a2a37d2,29.783258095995546,22.4344067852524,True,5000
Fixed depth 10,fixed_depth_10,fixed depth,2,1588,282,ff3f65cb76ec0a4d3e9d81b9f16532153fd42b703c03a094baa796a42e46d292,16.501774026850654,18.025303734453225,True,5000
Fixed depth 10,fixed_depth_10,fixed depth,2,1878,285,934fd129fce8a128cbb932723e6cfc882eb45cbd67ef7e48d42b82ca2ef654bc,26.39924573805183,16.866559537839994,True,5000
Fixed depth 10,fixed_depth_10,fixed depth,2,2810,402,ffac2f01af3f823a897da776a10891bfe53cfbed19a0478d3c0bb4603da63991,12.369494977657306,12.92217860795298,True,5000
Fixed depth 10,fixed_depth_10,fixed depth,2,5000,402,ffac2f01af3f823a897da776a10891bfe53cfbed19a0478d3c0bb4603da63991,12.369494977657306,12.92217860795298,True,5000
Fixed depth 15,fixed_depth_15,fixed depth,2,1,1,b6eb40fb815149f4e6d252f93c7f1839b991c5bd0509407e0bf505b4cc1c5793,619.2101965492576,0.3606449961662292,True,5000
Fixed depth 15,fixed_depth_15,fixed depth,2,4,2,923fb8984a664011c61e1e40e4200b728bddc741755ba73e9c41f74911171bb2,51.288920228488834,67.18082743883133,True,5000
Fixed depth 15,fixed_depth_15,fixed depth,2,8,3,7ed937742987453e92c54f63da2dc247a0cb5b5ae0c36998bc33126bb106aede,79.01376307554051,23.68622080485026,True,5000
Fixed depth 15,fixed_depth_15,fixed depth,2,241,68,f1ca41d66f9d3e00cda6e4b71f6c332de28c95dc494f342b18e822b08b59a0f0,77.22584427634547,109.8087247466559,True,5000
Fixed depth 15,fixed_depth_15,fixed depth,2,402,86,dd9f7e4b8c372056b461f3d4a7f299d2f6388edeb4cf8517b9d370d8a3f38fce,72.75811056650728,119.41352817615451,True,5000
Fixed depth 15,fixed_depth_15,fixed depth,2,523,98,70213d0d618d82a6aad91425927642c78886082bcbe9773a95021538095b8576,60.9429888102911,77.9251819337357,True,5000
Fixed depth 15,fixed_depth_15,fixed depth,2,1177,233,9ccd0eedc86721ae0cc2ca91c022047ff096687326fdaed69f4e00a10a4e960e,26.48970952326401,28.46645419088556,True,5000
Fixed depth 15,fixed_depth_15,fixed depth,2,1789,347,6e7f51b09db52fd12b164321ce294d097b55298aa14bff4c16f2d1cea95283b3,19.01038500321413,14.33732529938951,True,5000
Fixed depth 15,fixed_depth_15,fixed depth,2,5000,347,6e7f51b09db52fd12b164321ce294d097b55298aa14bff4c16f2d1cea95283b3,19.01038500321413,14.33732529938951,True,5000
Fixed depth 20,fixed_depth_20,fixed depth,2,1,1,b6eb40fb815149f4e6d252f93c7f1839b991c5bd0509407e0bf505b4cc1c5793,619.2101965492576,0.3606449961662292,True,5000
Fixed depth 20,fixed_depth_20,fixed depth,2,4,2,923fb8984a664011c61e1e40e4200b728bddc741755ba73e9c41f74911171bb2,51.288920228488834,67.18082743883133,True,5000
Fixed depth 20,fixed_depth_20,fixed depth,2,8,3,7ed937742987453e92c54f63da2dc247a0cb5b5ae0c36998bc33126bb106aede,79.01376307554051,23.68622080485026,True,5000
Fixed depth 20,fixed_depth_20,fixed depth,2,241,68,f1ca41d66f9d3e00cda6e4b71f6c332de28c95dc494f342b18e822b08b59a0f0,77.22584427634547,109.8087247466559,True,5000
Fixed depth 20,fixed_depth_20,fixed depth,2,402,86,dd9f7e4b8c372056b461f3d4a7f299d2f6388edeb4cf8517b9d370d8a3f38fce,72.75811056650728,119.41352817615451,True,5000
Fixed depth 20,fixed_depth_20,fixed depth,2,523,98,70213d0d618d82a6aad91425927642c78886082bcbe9773a95021538095b8576,60.9429888102911,77.9251819337357,True,5000
Fixed depth 20,fixed_depth_20,fixed depth,2,1495,297,842c07d89ea7769a4eabcabf438a98a159160f86137cf0840a756961e29573e4,28.896639538836503,34.97629390428664,True,5000
Fixed depth 20,fixed_depth_20,fixed depth,2,4494,695,03d830e55d88144a517f03fa444bf31ba8de7604e05d1677141b55ae303dc7d8,18.25951386586386,62.25655929809637,True,5000
Fixed depth 20,fixed_depth_20,fixed depth,2,5000,695,03d830e55d88144a517f03fa444bf31ba8de7604e05d1677141b55ae303dc7d8,18.25951386586386,62.25655929809637,True,5000
Fixed depth 30,fixed_depth_30,fixed depth,2,1,1,b6eb40fb815149f4e6d252f93c7f1839b991c5bd0509407e0bf505b4cc1c5793,619.2101965492576,0.3606449961662292,True,5000
Fixed depth 30,fixed_depth_30,fixed depth,2,4,2,923fb8984a664011c61e1e40e4200b728bddc741755ba73e9c41f74911171bb2,51.288920228488834,67.18082743883133,True,5000
Fixed depth 30,fixed_depth_30,fixed depth,2,8,3,7ed937742987453e92c54f63da2dc247a0cb5b5ae0c36998bc33126bb106aede,79.01376307554051,23.68622080485026,True,5000
Fixed depth 30,fixed_depth_30,fixed depth,2,241,68,f1ca41d66f9d3e00cda6e4b71f6c332de28c95dc494f342b18e822b08b59a0f0,77.22584427634547,109.8087247466559,True,5000
Fixed depth 30,fixed_depth_30,fixed depth,2,402,86,dd9f7e4b8c372056b461f3d4a7f299d2f6388edeb4cf8517b9d370d8a3f38fce,72.75811056650728,119.41352817615451,True,5000
Fixed depth 30,fixed_depth_30,fixed depth,2,523,98,70213d0d618d82a6aad91425927642c78886082bcbe9773a95021538095b8576,60.9429888102911,77.9251819337357,True,5000
Fixed depth 30,fixed_depth_30,fixed depth,2,1495,297,842c07d89ea7769a4eabcabf438a98a159160f86137cf0840a756961e29573e4,28.896639538836503,34.97629390428664,True,5000
Fixed depth 30,fixed_depth_30,fixed depth,2,5000,297,842c07d89ea7769a4eabcabf438a98a159160f86137cf0840a756961e29573e4,28.896639538836503,34.97629390428664,True,5000
Fixed depth 5,fixed_depth_5,fixed depth,2,1,1,b6eb40fb815149f4e6d252f93c7f1839b991c5bd0509407e0bf505b4cc1c5793,619.2101965492576,0.3606449961662292,True,5000
Fixed depth 5,fixed_depth_5,fixed depth,2,4,2,923fb8984a664011c61e1e40e4200b728bddc741755ba73e9c41f74911171bb2,51.288920228488834,67.18082743883133,True,5000
Fixed depth 5,fixed_depth_5,fixed depth,2,8,3,7ed937742987453e92c54f63da2dc247a0cb5b5ae0c36998bc33126bb106aede,79.01376307554051,23.68622080485026,True,5000
Fixed depth 5,fixed_depth_5,fixed depth,2,310,87,8556d666c4ed60dfaca1918a4483babfa088cffdff2fba3b1885d5b6d1380531,79.03477569059892,88.38549279961093,True,5000
Fixed depth 5,fixed_depth_5,fixed depth,2,631,149,5d4cf95112d47fe948ace29411bda8458117626517031c4b204ad94253014d0b,56.4958119278943,93.09265817716818,True,5000
Fixed depth 5,fixed_depth_5,fixed depth,2,925,192,ae9e8d216f6b00fd8a6d484f4e817f94220c81f48da4c0678d26e069312aa7f1,59.379224768920594,70.66427671585309,True,5000
Fixed depth 5,fixed_depth_5,fixed depth,2,2658,412,6d750209782b1bc71bc913c955ac3dce340331cfe096bc912cc8594f16ce382c,32.024349245365926,34.25875902450327,True,5000
Fixed depth 5,fixed_depth_5,fixed depth,2,3298,460,97a71dfe674162e0e671074bade38b5ac7e8e93f2a537851f7b98b34cb0e0e2d,30.01245275911806,25.230131082042405,True,5000
Fixed depth 5,fixed_depth_5,fixed depth,2,3946,504,19b07304b8ce8c8d992f7b4e3e3ec9268d680d929b117bb12ad8547d6dea3a1a,21.807072390979236,39.62181030849128,True,5000
Fixed depth 5,fixed_depth_5,fixed depth,2,4551,537,a39f1bbac30101b216174f981782b556005f7e049e72c9a13e63a5c1d38899b1,23.62332091653673,25.79085923949156,True,5000
Fixed depth 5,fixed_depth_5,fixed depth,2,5000,537,a39f1bbac30101b216174f981782b556005f7e049e72c9a13e63a5c1d38899b1,23.62332091653673,25.79085923949156,True,5000
Oracle depth schedule,oracle_incumbent_depth,adaptive policy,2,1,1,b6eb40fb815149f4e6d252f93c7f1839b991c5bd0509407e0bf505b4cc1c5793,619.2101965492576,3000.0,False,4250
Oracle depth schedule,oracle_incumbent_depth,adaptive policy,2,4,2,923fb8984a664011c61e1e40e4200b728bddc741755ba73e9c41f74911171bb2,51.288920228488834,141.7107391357422,False,4250
Oracle depth schedule,oracle_incumbent_depth,adaptive policy,2,8,3,7ed937742987453e92c54f63da2dc247a0cb5b5ae0c36998bc33126bb106aede,79.01376307554051,120.60630671183269,False,4250
Oracle depth schedule,oracle_incumbent_depth,adaptive policy,2,604,188,7a7ac10e1bccb81dcfe1c4513c7a9c41ad063da3ea422fb8d9ee75a0ecc9bbb9,69.71369424760957,64.4859575327248,False,4250
Oracle depth schedule,oracle_incumbent_depth,adaptive policy,2,1919,420,906a4b75bb92b2632ab5722356476ef0fb5c4f454e4eb0ad94005a2564f290bf,57.05245959507455,56.15209060160976,False,4250
Oracle depth schedule,oracle_incumbent_depth,adaptive policy,2,2456,458,c1cd4e600eb2ed540a53f67caec43b32985bbcd18f668a3626c4a8866a9f6c5e,30.092173479632127,31.62035738257488,False,4250
Oracle depth schedule,oracle_incumbent_depth,adaptive policy,2,3580,655,07adb14afbf72fff01cf9043c11fe9125008ee862c3463fe9bcb97eed90525fe,27.225021182136103,27.225021182136103,False,4250
Oracle depth schedule,oracle_incumbent_depth,adaptive policy,2,4250,655,07adb14afbf72fff01cf9043c11fe9125008ee862c3463fe9bcb97eed90525fe,27.225021182136103,27.225021182136103,False,4250
Rotating saturation k=50,rotating_saturation_k50,adaptive policy,2,1,1,b6eb40fb815149f4e6d252f93c7f1839b991c5bd0509407e0bf505b4cc1c5793,619.2101965492576,3000.0,False,2974
Rotating saturation k=50,rotating_saturation_k50,adaptive policy,2,4,2,923fb8984a664011c61e1e40e4200b728bddc741755ba73e9c41f74911171bb2,51.288920228488834,141.7107391357422,False,2974
Rotating saturation k=50,rotating_saturation_k50,adaptive policy,2,8,3,7ed937742987453e92c54f63da2dc247a0cb5b5ae0c36998bc33126bb106aede,79.01376307554051,120.60630671183269,False,2974
Rotating saturation k=50,rotating_saturation_k50,adaptive policy,2,69,21,af0939fb7ae5f73c790679f456e1bed2582f99ec32da2166509d5bb979e8ae4c,61.02744551114584,30.137119234672614,False,2974
Rotating saturation k=50,rotating_saturation_k50,adaptive policy,2,222,52,f1c46711391843d2d2887a4f858d96cf129468536e6f7eb4cef77f36121ae934,81.59216010425824,75.96577622483557,False,2974
Rotating saturation k=50,rotating_saturation_k50,adaptive policy,2,521,116,4d7b28896449874985f64656b4340e23dc27f11733ed7cc392ebbc1ff33dcfef,40.76652866454164,51.46139560248061,False,2974
Rotating saturation k=50,rotating_saturation_k50,adaptive policy,2,674,127,2ac61577720b0f1b87aa2e14d8e06998fb5e5535a0e8ef78a50ce98f55581726,27.238637047719735,41.5777954292579,False,2974
Rotating saturation k=50,rotating_saturation_k50,adaptive policy,2,2974,127,2ac61577720b0f1b87aa2e14d8e06998fb5e5535a0e8ef78a50ce98f55581726,27.238637047719735,41.5777954292579,False,2974
Saturation k=250,saturation_k250,adaptive policy,2,1,1,b6eb40fb815149f4e6d252f93c7f1839b991c5bd0509407e0bf505b4cc1c5793,619.2101965492576,3000.0,False,3489
Saturation k=250,saturation_k250,adaptive policy,2,4,2,923fb8984a664011c61e1e40e4200b728bddc741755ba73e9c41f74911171bb2,51.288920228488834,141.7107391357422,False,3489
Saturation k=250,saturation_k250,adaptive policy,2,8,3,7ed937742987453e92c54f63da2dc247a0cb5b5ae0c36998bc33126bb106aede,79.01376307554051,120.60630671183269,False,3489
Saturation k=250,saturation_k250,adaptive policy,2,1763,430,62b6aa3febbce0fa778337c7203785483954285c5944d83438ef0f06d62a95b8,16.90091321167867,18.153082651887523,False,3489
Saturation k=250,saturation_k250,adaptive policy,2,3489,430,62b6aa3febbce0fa778337c7203785483954285c5944d83438ef0f06d62a95b8,16.90091321167867,18.153082651887523,False,3489
Saturation k=50,saturation_k50,adaptive policy,2,1,1,b6eb40fb815149f4e6d252f93c7f1839b991c5bd0509407e0bf505b4cc1c5793,619.2101965492576,3000.0,False,4277
Saturation k=50,saturation_k50,adaptive policy,2,4,2,923fb8984a664011c61e1e40e4200b728bddc741755ba73e9c41f74911171bb2,51.288920228488834,141.7107391357422,False,4277
Saturation k=50,saturation_k50,adaptive policy,2,8,3,7ed937742987453e92c54f63da2dc247a0cb5b5ae0c36998bc33126bb106aede,79.01376307554051,120.60630671183269,False,4277
Saturation k=50,saturation_k50,adaptive policy,2,1753,426,fb2c7bbc80fd748218d832944cf74149d591d1c7a4cbfc3aad6bc2a077370585,44.4044581668005,49.091230389342904,False,4277
Saturation k=50,saturation_k50,adaptive policy,2,3225,777,239cefff49541a3fd2ebab4e0026111c001ae3a8bf15e328688471b0ee08efc7,18.076906188876052,18.076906188876052,False,4277
Saturation k=50,saturation_k50,adaptive policy,2,4277,777,239cefff49541a3fd2ebab4e0026111c001ae3a8bf15e328688471b0ee08efc7,18.076906188876052,18.076906188876052,False,4277
