full_configuration_index,configuration_fingerprint,source_family,source_files,archived_run_records,training_instances,actual_mean_par10,predicted_median_mean_par10,absolute_error,actual_instance_mean_timeout_fraction,predicted_timeout_fraction
0,00aa9dcb5341a3cabef8715d0201ca02af18d5a8f9dde637d04ce14b5263c17e,SMAC,SMAC5,487,484,15.665618608471075,15.87403868141869,0.20842007294761444,0.002066115702479339,0.002066115702479339
1,00d29df9b961a87b3a0040065a244509b2a7c84ea524327ae39dbeee534201ab,ROAR,ROAR8,2000,484,23.332227692665285,22.377240347629797,0.9549873450354873,0.004132231404958678,0.004132231404958678
2,01f9c4b8922d0626f332ea168cea08a664ec28666a1852a0b812d1139700fcf0,SMAC,SMAC2,2000,484,8.969960027995867,8.685799827325843,0.28416020067002457,0.0,0.0
3,04bfe4fe6dce5edfadf4e5562c7bf015647ae6c90c4ff77b7d508f4726243fce,SMAC,SMAC5,1773,484,13.903824233987605,15.942768962237952,2.038944728250348,0.0,0.002066115702479339
4,0664dd04303e92bb4a21b4a296a5f924bd9daf742bf1e8a9c452036307d6792e,SMAC,SMAC3,613,484,10.25607692768595,9.456969644150828,0.7991072835351218,0.0,0.0
5,06bc1291a6a17577b9de3145f266f5524422231dea522edc518353a8fbffb152,SMAC,SMAC9,803,484,56.92378770971075,48.13522496781397,8.788562741896783,0.014462809917355372,0.012396694214876033
6,0cac50c5b143f46900ed1f63dac40c9cb9474a257d3039d3b6f9097431ccca4e,ROAR,ROAR9,535,484,52.74601439772727,51.45448109232012,1.2915333054071496,0.012396694214876033,0.012396694214876033
7,0d1339d24d24fbe5cc181beacfa3ced049ca5387fe758f598948c733a03e8c0f,SMAC,SMAC1,1920,484,25.943996205061985,23.02935116846607,2.914645036595914,0.004132231404958678,0.004132231404958678
8,0e9da9fed729de0ce1261dc09be63a61e7252ba775e19511083adc3bea43f06d,ROAR,ROAR6,613,484,105.37015313016528,104.12882396419849,1.241329165966789,0.030991735537190084,0.030991735537190084
9,0f955c9f074ca7486936fc2c8d030a42216a4881bcfa6aa050dd411a7d67be13,ROAR,ROAR9,2000,484,42.90956142386364,42.6476512052088,0.2619102186548403,0.006198347107438017,0.010330578512396695
10,1594205e0d2a13f07ed3ef9051d80752389706bfbc7dff6ed87acd77b313c614,ROAR,ROAR3,1961,484,27.648046855888428,23.900872516999993,3.747174338888435,0.004132231404958678,0.004132231404958678
11,19c522c8d9a5705d12662b1ceba5c1aeb59a5f576ef0051cb909e5b79e4e9af3,ROAR,ROAR5,2000,484,23.369475895454546,10.059919729828835,13.309556165625711,0.0,0.0
12,2467b31c26066e8349db15edce7238dbe537a52d1f270c5e712aae2231be608b,SMAC,SMAC4,603,484,10.25145951342975,9.424242145235628,0.8272173681941233,0.0,0.0
13,27b055d3cf3a28bed4726a45f78d5579a3e4d3d2d573cd02d3e6fb24448317a5,SMAC,SMAC9,945,484,50.67006045454546,48.04615209139653,2.623908363148928,0.012396694214876033,0.012396694214876033
14,3369fecab72dd874929f6ff6e989c2df31f7b24af9325ada2d49f388ab3be6b5,ROAR,ROAR6,2000,484,13.125640659710742,12.237045775887303,0.8885948838234388,0.0,0.0
15,346043a606246fa654dedeac82c58e612b7a0205498397891cc9ffd1a4154217,SMAC,SMAC2,850,484,9.70637462396694,8.967765828471416,0.7386087954955247,0.0,0.0
16,365f640a9c4d45204f9fc444cd3709d70d82776eac0a24ae9fea18eeca6ac264,SMAC,SMAC5,1489,484,9.217028541666664,9.68725393963439,0.47022539796772556,0.0,0.0
17,3cbcd817e7af7dfb244431d9e8d76b541fb38bda83230e5fed5e5dda23945637,SMAC,SMAC8,610,484,11.201460453512396,9.956281495472986,1.2451789580394106,0.0,0.0
18,3ff34fa887a3bbd5e0f5719c9d33a2eb45c00fcb60a4a32eb87ef8e3ecd1dfbc,SMAC,SMAC10,650,484,32.94622160330579,24.049263840664395,8.896957762641392,0.006198347107438017,0.004132231404958678
19,405dbe9b23f9b44d0c68caeb7695fe9a54a8586b048f2f9d20678c85c092fb61,SMAC,SMAC4,545,484,23.238253498966934,23.802404893923953,0.5641513949570189,0.004132231404958678,0.004132231404958678
20,4260d8bdbec25dd0bbf0867c87a074218e3706b50024bd65db91a0a3578bb467,SMAC,SMAC10,734,484,30.6810236373967,30.664179861687956,0.01684377570874318,0.006198347107438017,0.006198347107438017
21,44537d2d77d0afe774fda89890a38256476d42ab3214f4c690221d9929177f08,ROAR,ROAR10,2000,484,35.57888062179752,36.77585282247544,1.1969722006779193,0.006198347107438017,0.008264462809917356
22,45c4d3cede4513f7dc966121e6cd146b319b6942972453d84cc236758719db70,ROAR,ROAR7,661,484,86.49817360123967,91.73401652368878,5.235842922449109,0.024793388429752067,0.026859504132231406
23,46b641a0de9fbb056f772e84bfbad975ee6e091957aaeb5b110aee431141fe89,SMAC,SMAC1,1944,484,23.484852111880166,22.929056934673678,0.5557951772064875,0.004132231404958678,0.004132231404958678
24,4b0d34ef2241ffb3d7732033e7e606b962a58fc8bc0ad7ca9ad662c3b868e915,SMAC,SMAC3,738,484,8.939771300619833,9.187705732050759,0.24793443143092553,0.0,0.0
25,4f601e5bf8302ff9b4f5c634b6fbaa8a1fa0d3fb213ea76ec05221c041b5bc33,SMAC,SMAC3,537,484,10.291647392561982,9.44497304963148,0.8466743429305019,0.0,0.0
26,5722f33ada1e52c144ba4623777e9a0c115c8e43b91ef27c5e8a4aa08cee9ffe,ROAR,ROAR7,1791,484,41.6858280588843,34.00355863653908,7.682269422345215,0.008264462809917356,0.006198347107438017
27,577b3629ebd072027db343d614b77031e95b4063737327d0781358abdd7dc297,SMAC,SMAC4,581,484,10.514813353305787,10.026653648823622,0.4881597044821646,0.0,0.0
28,5a65dd2403d8a45f83552efdb122568784c45cd21e213168bc873cf36e9c7e6e,SMAC,SMAC4,563,484,10.847647029958678,10.177143823186105,0.6705032067725725,0.0,0.0
29,5a8d0991af30c3813853f017debd80da25cf9223942afb8b807010ffb36834c2,SMAC,SMAC8,1845,484,10.816640321108816,9.95033561712331,0.8663047039855059,0.0,0.0
30,62d06649a21ee6ec0edd0e9224541c93f4d4aa01122e192c901b0474809337de,ROAR,ROAR1,2000,484,16.39195781890496,12.945455050565425,3.446502768339535,0.0,0.0
31,63642b88afa52aa7262a922ded635b36f2fa2c8e6dcbd6c0fd7d06d39424df3d,ROAR,ROAR10,2000,484,8.187378309710745,8.624855952433595,0.4374776427228504,0.0,0.0
32,63d5b3122345a456a9b11c79d175762c3a925c8782a476df1a41d1ac4cc43b17,SMAC,SMAC3,631,484,9.042896804752065,9.091221471243992,0.04832466649192746,0.0,0.0
33,706699ebe28626ce7e21a8daff42d52a3cfbdf77a4437803e35d1145fb0a0a26,SMAC,SMAC6,1116,484,11.083779485192837,11.214779989089632,0.13100050389679474,0.0,0.0
34,7c1b867c122c811bcd082a8a63b6ea60d617d00b1279a73a9086aa0f493e1e66,SMAC,SMAC4,569,484,10.692657672520662,10.058739350800796,0.6339183217198663,0.0,0.0
35,807b13f2569ee3f64d6419b086e982430350c8dbaf8d237ee80fdc6ad201a87d,ROAR,ROAR2,2000,484,11.217337590805784,10.874733356358714,0.34260423444706944,0.0,0.0
36,82df92110fcd3e43bf671a4ca271f9d19d6686242b499e4443747105a1ed172e,SMAC,SMAC7,1239,484,25.951672410468316,25.002263443175057,0.9494089672932589,0.004132231404958678,0.004132231404958678
37,8531b293344e334ab1e758f4fe3e57d41dbbb87222c7a35af4633da26eb9e42f,SMAC,SMAC9,502,484,53.845588264462805,53.73028381559459,0.11530444886821556,0.014462809917355372,0.014462809917355372
38,91a3cf0055ee85c13bc8bbf45f3333b8ef3386fbdb88dc4539ea5925a623a39d,SMAC,SMAC6,570,484,13.5718553946281,12.414926810197779,1.1569285844303216,0.0,0.0
39,9670c8f780ec3f8ebcbc291e5e63e1141dff2adaaab3a0b4837cb86dbd823c16,SMAC,SMAC2,842,484,9.995013105371902,9.72525203792563,0.2697610674462716,0.0,0.0
40,99b4d267759178b101b4b7bc171700815620645bc5a26c1a03544563a07e8308,ROAR,ROAR10,1205,484,53.629461519283744,59.05950771511171,5.430046195827963,0.012396694214876033,0.01652892561983471
41,a0deb4b9b7b9ebf9246606ad019c0ff31e2c5cbb555917b1a33abb819a69a27e,SMAC,SMAC2,1772,484,9.01040113429752,8.663584844825005,0.34681628947251575,0.0,0.0
42,a97c0e44895bc39bf96acd0546d9b2dc0cf11c1e0449198e815351be60ae8145,SMAC,SMAC1,1852,484,29.3639580821281,23.097253350987415,6.266704731140685,0.004132231404958678,0.004132231404958678
43,afcd9ad4aa7c0e293c42f40edf3272633fa0e7fdcb9d8975c0a841407d6b3a56,SMAC,SMAC9,979,484,47.84447026790634,48.05159198934951,0.20712172144317265,0.012396694214876033,0.012396694214876033
44,b28020958333d229bad3190bdcfeeba9c30f25da79685ddb20e0f04d61ed365a,SMAC,SMAC9,500,484,54.274240137396696,53.91002328359822,0.36421685379847446,0.014462809917355372,0.014462809917355372
45,b2ac1a1ea089a8df9a6f8e7e1e104bf3af52b39ada89ac9f36b5c261335f0099,SMAC,SMAC9,611,484,53.67998335227273,48.24075580081972,5.439227551453008,0.014462809917355372,0.012396694214876033
46,b944a2048a0ce1d881369a1ab148e4d58d8678b76a016076a347d62a9fcb8de1,SMAC,SMAC10,2000,484,26.260532294318182,24.402798180229777,1.8577341140884052,0.004132231404958678,0.004132231404958678
47,bea3a9d639a6a3777baf7a4daa4b49d28cf1061e2c4b10999ed72f3ff6d85d10,SMAC,SMAC3,1501,484,8.263658408402204,8.825601107440889,0.5619426990386849,0.0,0.0
48,cd4c53af0ce12ce57732b3065424c1b651849e7ae2feb87ac52352617be17b7f,ROAR,ROAR4,1927,484,44.25056168405647,35.32235498208368,8.92820670197279,0.006198347107438017,0.006198347107438017
49,cf667cf1fb31c584f8949ca10f994d7bd9851e3a6fdc10c09ebf70c1695e5f5b,SMAC,SMAC2,1227,484,9.058561537190084,8.662747034499006,0.39581450269107776,0.0,0.0
50,d10bf883f4bc628deca7632ae0a987fdd5222c76556f608f129f0133ead22130,SMAC,SMAC8,2000,484,10.722894228615704,9.918690699853064,0.8042035287626401,0.0,0.0
51,d18343fbe9e61a62a40f7ed38e5080256f836a270bc1bb0cef98829e3ae40345,ROAR,ROAR3,1771,484,47.864986021005514,44.75930693419265,3.105679086812863,0.010330578512396695,0.010330578512396695
52,d44154fb39fffa7d0108e33705b7272f2f8ef044715c729e0131f1139a5e2361,SMAC,SMAC4,1146,484,9.11409939738292,9.331257378605525,0.21715798122260388,0.0,0.0
53,d6cec38ffe5799cb7bdf3baf1734f9254312154a71c20b346434e8821d6e475d,ROAR,ROAR6,968,484,54.746660796487596,51.580735018907866,3.16592577757973,0.012396694214876033,0.012396694214876033
54,e9c8163d9d3bd97ac22ef16014fe1a448e6680ee20b72c4d358af4ef034ef41d,ROAR,ROAR2,1688,484,26.18309935795455,22.787441904902888,3.395657453051662,0.002066115702479339,0.002066115702479339
55,f46c34d841aab7920d4d4272a0e84cde0e54baa46d50404c4c0398b3411c9ffe,SMAC,SMAC2,742,484,10.078099372933883,9.878743961784403,0.19935541114947952,0.0,0.0
56,fa83c38abd2a5ab7f9885f3b32b0c0dbb5caec0750ee18acf6dab855c080f731,ROAR,ROAR3,1628,484,62.739668025482096,65.59499013183778,2.855322106355679,0.012396694214876033,0.01859504132231405
